id,date,title,channel,signal_type,direction,confidence,lead_indicator,time_horizon,economic_mechanism,headline,source,expected_effects,who_should_care
2026-03-14_export_demand_shock_25a35393,2026-03-14,Export Demand Contraction,Exports,balance_of_payments,tightening,medium,export_orders_decline,1–3 months,"Weak external demand reduces factory utilization, compresses labor income, and lowers FX earnings.",Bangladesh’s RMG exports to emerging markets fall 6% in Jul–Feb,The Daily Star,lower manufacturing output; urban income slowdown; FX earnings pressure,exporters; garment sector; currency desks
2026-03-14_trade_policy_disruption_df18d82e,2026-03-14,Trade Policy Disruption,Trade Policy,policy_shock,tightening,medium,trade_regime_change,1–6 months,"Import bans, tariff changes, or trade partner restrictions alter relative prices and disrupt established supply chains.",USDA cuts Bangladesh’s cotton import forecast,The Daily Star,supply chain disruption; input cost changes; trade diversion,importers; exporters; trade policy analysts
2026-03-14_infrastructure_logistics_disruption_96800cac,2026-03-14,Infrastructure & Logistics Disruption,Logistics,production_constraint,tightening,high,transport_bottleneck,immediate–1 month,"Port congestion, transport disruption, or infrastructure failure raises delivery times and costs across supply chains.",Freight rates triple as Middle East crisis cuts air cargo capacity,The Business Standard — Economy,supply chain delays; higher transport costs; export shipment bottleneck,exporters; importers; logistics firms
2026-03-14_export_demand_shock_f8a16d76,2026-03-14,Export Demand Contraction,Exports,balance_of_payments,tightening,medium,export_orders_decline,1–3 months,"Weak external demand reduces factory utilization, compresses labor income, and lowers FX earnings.",Bangladesh apparel exporters earn 10% less in US than EU: Study,The Business Standard,lower manufacturing output; urban income slowdown; FX earnings pressure,exporters; garment sector; currency desks
2026-03-13_trade_policy_disruption_75c2bba7,2026-03-13,Trade Policy Disruption,Trade Policy,policy_shock,tightening,medium,trade_regime_change,1–6 months,"Import bans, tariff changes, or trade partner restrictions alter relative prices and disrupt established supply chains.",War on Iran risks inflation and higher import costs for Bangladesh: CPD,The Daily Star,supply chain disruption; input cost changes; trade diversion,importers; exporters; trade policy analysts
2026-03-13_trade_policy_disruption_1a30a9a5,2026-03-13,Trade Policy Disruption,Trade Policy,policy_shock,tightening,medium,trade_regime_change,1–6 months,"Import bans, tariff changes, or trade partner restrictions alter relative prices and disrupt established supply chains.",Bangladesh seeks US waiver to import Russian oil,Muslim Network TV,supply chain disruption; input cost changes; trade diversion,importers; exporters; trade policy analysts
2026-03-13_trade_policy_disruption_73dd3754,2026-03-13,Trade Policy Disruption,Trade Policy,policy_shock,tightening,medium,trade_regime_change,1–6 months,"Import bans, tariff changes, or trade partner restrictions alter relative prices and disrupt established supply chains.",Bangladesh seeks US ban waiver to import Russian energy - The Financial Express | First Financial Daily of Bangladesh,The Financial Express | First Financial Daily of Bangladesh,supply chain disruption; input cost changes; trade diversion,importers; exporters; trade policy analysts
2026-03-12_geopolitical_risk_1c0cb12d,2026-03-12,Geopolitical Risk,Geopolitical Risk,external_shock,tightening,medium,geopolitical_tension_change,1–6 months,"Regional conflicts, trade sanctions, or Gulf state policy shifts disrupt migrant labor markets, trade routes, and energy supply chains affecting Bangladesh.",India's diesel lifeline to Bangladesh: Strategic move or risky bet?,The Morning Voice,remittance channel disruption; trade route uncertainty; energy price volatility,exporters; remittance-dependent sectors; energy importers
2026-03-12_geopolitical_risk_4d030386,2026-03-12,Geopolitical Risk,Geopolitical Risk,external_shock,tightening,medium,geopolitical_tension_change,1–6 months,"Regional conflicts, trade sanctions, or Gulf state policy shifts disrupt migrant labor markets, trade routes, and energy supply chains affecting Bangladesh.",Middle East conflict disrupts Bangladesh garment exports to Europe - Pressenza,Pressenza - International Press Agency,remittance channel disruption; trade route uncertainty; energy price volatility,exporters; remittance-dependent sectors; energy importers
2026-03-12_trade_policy_disruption_0c8cfee9,2026-03-12,Trade Policy Disruption,Trade Policy,policy_shock,tightening,medium,trade_regime_change,1–6 months,"Import bans, tariff changes, or trade partner restrictions alter relative prices and disrupt established supply chains.",Bangladesh seeks US approval to import Russian fuel oil,Anadolu Ajansı,supply chain disruption; input cost changes; trade diversion,importers; exporters; trade policy analysts
2026-03-12_export_demand_shock_6378f959,2026-03-12,Export Demand Contraction,Exports,balance_of_payments,tightening,medium,export_orders_decline,1–3 months,"Weak external demand reduces factory utilization, compresses labor income, and lowers FX earnings.",Buying houses can play a bigger role in expanding Bangladesh apparel exports,Textile Today,lower manufacturing output; urban income slowdown; FX earnings pressure,exporters; garment sector; currency desks
2026-03-12_geopolitical_risk_0633e7d2,2026-03-12,Geopolitical Risk,Geopolitical Risk,external_shock,tightening,medium,geopolitical_tension_change,1–6 months,"Regional conflicts, trade sanctions, or Gulf state policy shifts disrupt migrant labor markets, trade routes, and energy supply chains affecting Bangladesh.",Bangladesh to import LNG at more than double last year’s price amid Middle East tensions - Pressenza,Pressenza - International Press Agency,remittance channel disruption; trade route uncertainty; energy price volatility,exporters; remittance-dependent sectors; energy importers
2026-03-12_trade_policy_disruption_c86d8c4e,2026-03-12,Trade Policy Disruption,Trade Policy,policy_shock,tightening,medium,trade_regime_change,1–6 months,"Import bans, tariff changes, or trade partner restrictions alter relative prices and disrupt established supply chains.",Bangladesh seeks similar waiver to India from US to import Russian oil,Prothom Alo English,supply chain disruption; input cost changes; trade diversion,importers; exporters; trade policy analysts
2026-03-12_geopolitical_risk_72603a1a,2026-03-12,Geopolitical Risk,Geopolitical Risk,external_shock,tightening,high,geopolitical_tension_change,1–6 months,"Regional conflicts, trade sanctions, or Gulf state policy shifts disrupt migrant labor markets, trade routes, and energy supply chains affecting Bangladesh.","Bangladesh secures spot LNG cargoes as costs soar, seeks Indian oil",Reuters,remittance channel disruption; trade route uncertainty; energy price volatility,exporters; remittance-dependent sectors; energy importers
2026-03-12_remittance_flow_disruption_cd4acdb2,2026-03-12,Remittance Flow Disruption,Remittances,balance_of_payments,tightening,medium,remittance_growth_change,1–3 months,"Remittance slowdown reduces rural household income, weakens consumption demand, and tightens FX supply.",44.3pc growth of remittance inflow till March 11 - Bangladesh Sangbad Sangstha (BSS),Bangladesh Sangbad Sangstha (BSS),rural consumption slowdown; FX supply reduction; hundi channel widening,rural economy analysts; consumer sector; central bank
2026-03-12_trade_policy_disruption_c4ced30a,2026-03-12,Trade Policy Disruption,Trade Policy,policy_shock,tightening,medium,trade_regime_change,1–6 months,"Import bans, tariff changes, or trade partner restrictions alter relative prices and disrupt established supply chains.",Bangladesh seeks US approval to import Russian oil amid global energy disruptions,The Indian Awaaz,supply chain disruption; input cost changes; trade diversion,importers; exporters; trade policy analysts
2026-03-12_trade_policy_disruption_c6847902,2026-03-12,Trade Policy Disruption,Trade Policy,policy_shock,tightening,medium,trade_regime_change,1–6 months,"Import bans, tariff changes, or trade partner restrictions alter relative prices and disrupt established supply chains.",USDA revises Bangladesh cotton import and consumption forecast for 2025–26,Textile Today,supply chain disruption; input cost changes; trade diversion,importers; exporters; trade policy analysts
2026-03-12_trade_policy_disruption_df18d82e,2026-03-12,Trade Policy Disruption,Trade Policy,policy_shock,tightening,medium,trade_regime_change,1–6 months,"Import bans, tariff changes, or trade partner restrictions alter relative prices and disrupt established supply chains.",USDA cuts Bangladesh’s cotton import forecast,The Daily Star,supply chain disruption; input cost changes; trade diversion,importers; exporters; trade policy analysts
2026-03-12_geopolitical_risk_2e951bd1,2026-03-12,Geopolitical Risk,Geopolitical Risk,external_shock,tightening,medium,geopolitical_tension_change,1–6 months,"Regional conflicts, trade sanctions, or Gulf state policy shifts disrupt migrant labor markets, trade routes, and energy supply chains affecting Bangladesh.","The US starts a trade investigation into Bangladesh, India, and China",Textile Today,remittance channel disruption; trade route uncertainty; energy price volatility,exporters; remittance-dependent sectors; energy importers
2026-03-12_trade_policy_disruption_d06841be,2026-03-12,Trade Policy Disruption,Trade Policy,policy_shock,tightening,medium,trade_regime_change,1–6 months,"Import bans, tariff changes, or trade partner restrictions alter relative prices and disrupt established supply chains.",Bangladesh seeks US permission to import Russian oil,Operativ Məlumat Mərkəzi,supply chain disruption; input cost changes; trade diversion,importers; exporters; trade policy analysts
2026-03-12_geopolitical_risk_3d019e37,2026-03-12,Geopolitical Risk,Geopolitical Risk,external_shock,tightening,medium,geopolitical_tension_change,1–6 months,"Regional conflicts, trade sanctions, or Gulf state policy shifts disrupt migrant labor markets, trade routes, and energy supply chains affecting Bangladesh.","India, Bangladesh seek safe passage though Straits from Iran",Quantum Commodity Intelligence,remittance channel disruption; trade route uncertainty; energy price volatility,exporters; remittance-dependent sectors; energy importers
2026-03-12_geopolitical_risk_10ceb5f1,2026-03-12,Geopolitical Risk,Geopolitical Risk,external_shock,tightening,medium,geopolitical_tension_change,1–6 months,"Regional conflicts, trade sanctions, or Gulf state policy shifts disrupt migrant labor markets, trade routes, and energy supply chains affecting Bangladesh.",India examining Bangladesh request for diesel supply,Reuters,remittance channel disruption; trade route uncertainty; energy price volatility,exporters; remittance-dependent sectors; energy importers
2026-03-12_geopolitical_risk_899efa4c,2026-03-12,Geopolitical Risk,Geopolitical Risk,external_shock,tightening,medium,geopolitical_tension_change,1–6 months,"Regional conflicts, trade sanctions, or Gulf state policy shifts disrupt migrant labor markets, trade routes, and energy supply chains affecting Bangladesh.","India recieved requests for energy supplies from Bangladesh, Sri Lanka and Maldives, says MEA",The Hindu,remittance channel disruption; trade route uncertainty; energy price volatility,exporters; remittance-dependent sectors; energy importers
2026-03-12_geopolitical_risk_4053f838,2026-03-12,Geopolitical Risk,Geopolitical Risk,external_shock,tightening,medium,geopolitical_tension_change,1–6 months,"Regional conflicts, trade sanctions, or Gulf state policy shifts disrupt migrant labor markets, trade routes, and energy supply chains affecting Bangladesh.","Bangladesh amps up energy imports from India, China to protect energy security amid Middle East war",Daily Excelsior,remittance channel disruption; trade route uncertainty; energy price volatility,exporters; remittance-dependent sectors; energy importers
2026-03-12_geopolitical_risk_09980c2c,2026-03-12,Geopolitical Risk,Geopolitical Risk,external_shock,tightening,medium,geopolitical_tension_change,1–6 months,"Regional conflicts, trade sanctions, or Gulf state policy shifts disrupt migrant labor markets, trade routes, and energy supply chains affecting Bangladesh.",Bangladesh Seeks Diesel From India | Big Energy Diplomacy Move,Business Today,remittance channel disruption; trade route uncertainty; energy price volatility,exporters; remittance-dependent sectors; energy importers
2026-03-11_geopolitical_risk_aa63f9b0,2026-03-11,Geopolitical Risk,Geopolitical Risk,external_shock,tightening,high,geopolitical_tension_change,1–6 months,"Regional conflicts, trade sanctions, or Gulf state policy shifts disrupt migrant labor markets, trade routes, and energy supply chains affecting Bangladesh.",Bangladesh’s trade reliance on India may deepen amid Middle East crisis,Bonik Barta,remittance channel disruption; trade route uncertainty; energy price volatility,exporters; remittance-dependent sectors; energy importers
2026-03-11_export_demand_shock_55faba58,2026-03-11,Export Demand Contraction,Exports,balance_of_payments,tightening,medium,export_orders_decline,1–3 months,"Weak external demand reduces factory utilization, compresses labor income, and lowers FX earnings.",A policy reset for double digit growth in Bangladesh’s textile & apparel exports,Textile Today,lower manufacturing output; urban income slowdown; FX earnings pressure,exporters; garment sector; currency desks
2026-03-11_geopolitical_risk_5762eae3,2026-03-11,Geopolitical Risk,Geopolitical Risk,external_shock,tightening,medium,geopolitical_tension_change,1–6 months,"Regional conflicts, trade sanctions, or Gulf state policy shifts disrupt migrant labor markets, trade routes, and energy supply chains affecting Bangladesh.",Middle East war threatens Bangladesh's migrant jobs - The Financial Express | First Financial Daily of Bangladesh,The Financial Express | First Financial Daily of Bangladesh,remittance channel disruption; trade route uncertainty; energy price volatility,exporters; remittance-dependent sectors; energy importers
2026-03-11_banking_sector_fragility_78d96473,2026-03-11,Banking Sector Fragility,Banking,financial_conditions,tightening,medium,npl_ratio_change,3–12 months,"Rising non-performing loans, governance failures, or liquidity stress in banks constrain credit intermediation and erode depositor confidence.",BB allows banks to offer loans against govt bonds - Bangladesh Sangbad Sangstha (BSS),Bangladesh Sangbad Sangstha (BSS),credit rationing; deposit flight risk; fiscal contingent liability,depositors; bank regulators; financial analysts
2026-03-11_monetary_policy_shift_61618b19,2026-03-11,Monetary Policy Shift,Monetary Policy,financial_conditions,tightening,medium,policy_rate_change,1–6 months,"Central bank tightening raises borrowing costs, slows credit expansion, and signals concern about inflation or external balance.",BGMEA wants single-digit bank interest rates,The Daily Star,higher borrowing costs; bond yield rise; investment dampening,banks; bond market; corporate treasurers
2026-03-11_geopolitical_risk_45d767cd,2026-03-11,Geopolitical Risk,Geopolitical Risk,external_shock,tightening,high,geopolitical_tension_change,1–6 months,"Regional conflicts, trade sanctions, or Gulf state policy shifts disrupt migrant labor markets, trade routes, and energy supply chains affecting Bangladesh.",India starts emergency diesel supply to Bangladesh as Middle East energy tensions continue,TRT World,remittance channel disruption; trade route uncertainty; energy price volatility,exporters; remittance-dependent sectors; energy importers
2026-03-11_energy_supply_constraint_2eb0b730,2026-03-11,Energy Supply Constraint,Energy,production_constraint,tightening,high,load_shedding_intensity,immediate,"Energy shortages restrict industrial operating hours, raise unit costs, and force firms to rely on expensive captive generation.",Crisis exposes fragile energy security,The Daily Star,output loss; production cost increase; cost push inflation,industrial producers; manufacturers; energy traders
2026-03-11_geopolitical_risk_26f8cc57,2026-03-11,Geopolitical Risk,Geopolitical Risk,external_shock,tightening,medium,geopolitical_tension_change,1–6 months,"Regional conflicts, trade sanctions, or Gulf state policy shifts disrupt migrant labor markets, trade routes, and energy supply chains affecting Bangladesh.","Bangladesh secures diesel from Malaysia, Singapore, India amid Middle East energy tensions",Anadolu Ajansı,remittance channel disruption; trade route uncertainty; energy price volatility,exporters; remittance-dependent sectors; energy importers
2026-03-11_geopolitical_risk_13fd8d45,2026-03-11,Geopolitical Risk,Geopolitical Risk,external_shock,tightening,high,geopolitical_tension_change,1–6 months,"Regional conflicts, trade sanctions, or Gulf state policy shifts disrupt migrant labor markets, trade routes, and energy supply chains affecting Bangladesh.",India Comes To Bangladesh's Rescue Amid Diesel Shortage Fueled By Iran War,NDTV,remittance channel disruption; trade route uncertainty; energy price volatility,exporters; remittance-dependent sectors; energy importers
2026-03-11_external_liquidity_stress_6f82871a,2026-03-11,External Liquidity Stress,Foreign Exchange,balance_of_payments,tightening,medium,fx_reserves_pressure,1–3 months,"Foreign exchange shortages constrain import financing, widen the informal premium, and force rationing of dollar-denominated obligations.",Forex reserves stand at US$34.29b - Bangladesh Sangbad Sangstha (BSS),Bangladesh Sangbad Sangstha (BSS),import compression; industrial input shortage; informal FX premium widening,trade finance banks; importers; currency desks
2026-03-11_remittance_flow_disruption_00299b0b,2026-03-11,Remittance Flow Disruption,Remittances,balance_of_payments,tightening,medium,remittance_growth_change,1–3 months,"Remittance slowdown reduces rural household income, weakens consumption demand, and tightens FX supply.",51.7pc growth of remittance inflow till March 10 - Bangladesh Sangbad Sangstha (BSS),Bangladesh Sangbad Sangstha (BSS),rural consumption slowdown; FX supply reduction; hundi channel widening,rural economy analysts; consumer sector; central bank
2026-03-11_export_demand_shock_25a35393,2026-03-11,Export Demand Contraction,Exports,balance_of_payments,tightening,medium,export_orders_decline,1–3 months,"Weak external demand reduces factory utilization, compresses labor income, and lowers FX earnings.",Bangladesh’s RMG exports to emerging markets fall 6% in Jul–Feb,The Daily Star,lower manufacturing output; urban income slowdown; FX earnings pressure,exporters; garment sector; currency desks
2026-03-11_trade_policy_disruption_0e51b62b,2026-03-11,Trade Policy Disruption,Trade Policy,policy_shock,tightening,medium,trade_regime_change,1–6 months,"Import bans, tariff changes, or trade partner restrictions alter relative prices and disrupt established supply chains.",Bangladesh seeks temporary waiver from US to import Russian oil,Dhaka Tribune,supply chain disruption; input cost changes; trade diversion,importers; exporters; trade policy analysts
2026-03-11_trade_policy_disruption_aaa434d0,2026-03-11,Trade Policy Disruption,Trade Policy,policy_shock,tightening,medium,trade_regime_change,1–6 months,"Import bans, tariff changes, or trade partner restrictions alter relative prices and disrupt established supply chains.",Bangladesh seeks similar waiver to India from US to import Russian oil - The Financial Express | First Financial Daily of Bangladesh,The Financial Express | First Financial Daily of Bangladesh,supply chain disruption; input cost changes; trade diversion,importers; exporters; trade policy analysts
2026-03-11_energy_supply_constraint_4430475d,2026-03-11,Energy Supply Constraint,Energy,production_constraint,tightening,high,load_shedding_intensity,immediate,"Energy shortages restrict industrial operating hours, raise unit costs, and force firms to rely on expensive captive generation.",West Asia crisis: Bangladesh seeks increased diesel supply from India amid energy strain,Mint,output loss; production cost increase; cost push inflation,industrial producers; manufacturers; energy traders
2026-03-11_geopolitical_risk_e53f4fc6,2026-03-11,Geopolitical Risk,Geopolitical Risk,external_shock,tightening,medium,geopolitical_tension_change,1–6 months,"Regional conflicts, trade sanctions, or Gulf state policy shifts disrupt migrant labor markets, trade routes, and energy supply chains affecting Bangladesh.",Bangladesh sends letter to India seeking additional fuel oil,Prothom Alo English,remittance channel disruption; trade route uncertainty; energy price volatility,exporters; remittance-dependent sectors; energy importers
2026-03-11_geopolitical_risk_b41cac59,2026-03-11,Geopolitical Risk,Geopolitical Risk,external_shock,tightening,medium,geopolitical_tension_change,1–6 months,"Regional conflicts, trade sanctions, or Gulf state policy shifts disrupt migrant labor markets, trade routes, and energy supply chains affecting Bangladesh.","Bangladesh asks India for extra fuel amid supply concerns, says envoy Pranay Verma",bdnews24.com,remittance channel disruption; trade route uncertainty; energy price volatility,exporters; remittance-dependent sectors; energy importers
2026-03-11_banking_sector_fragility_dfc54fbc,2026-03-11,Banking Sector Fragility,Banking,financial_conditions,tightening,medium,npl_ratio_change,3–12 months,"Rising non-performing loans, governance failures, or liquidity stress in banks constrain credit intermediation and erode depositor confidence.",BB orders banks to strengthen pre-suit mediation to recover defaulted loans,The Business Standard — Economy,credit rationing; deposit flight risk; fiscal contingent liability,depositors; bank regulators; financial analysts
2026-03-11_geopolitical_risk_48e090e0,2026-03-11,Geopolitical Risk,Geopolitical Risk,external_shock,tightening,medium,geopolitical_tension_change,1–6 months,"Regional conflicts, trade sanctions, or Gulf state policy shifts disrupt migrant labor markets, trade routes, and energy supply chains affecting Bangladesh.","India, Bangladesh urea firms shut operations as war disrupts LNG flow",Business Standard,remittance channel disruption; trade route uncertainty; energy price volatility,exporters; remittance-dependent sectors; energy importers
2026-03-11_trade_policy_disruption_73dd3754,2026-03-11,Trade Policy Disruption,Trade Policy,policy_shock,tightening,medium,trade_regime_change,1–6 months,"Import bans, tariff changes, or trade partner restrictions alter relative prices and disrupt established supply chains.",Bangladesh seeks US ban waiver to import Russian energy - The Financial Express | First Financial Daily of Bangladesh,The Financial Express | First Financial Daily of Bangladesh,supply chain disruption; input cost changes; trade diversion,importers; exporters; trade policy analysts
2026-03-10_energy_supply_constraint_54782709,2026-03-10,Energy Supply Constraint,Energy,production_constraint,tightening,high,load_shedding_intensity,immediate,"Energy shortages restrict industrial operating hours, raise unit costs, and force firms to rely on expensive captive generation.",Bangladesh Closes Universities Early Amid Energy Crisis,The Morning Voice,output loss; production cost increase; cost push inflation,industrial producers; manufacturers; energy traders
2026-03-10_trade_policy_disruption_75c2bba7,2026-03-10,Trade Policy Disruption,Trade Policy,policy_shock,tightening,medium,trade_regime_change,1–6 months,"Import bans, tariff changes, or trade partner restrictions alter relative prices and disrupt established supply chains.",War on Iran risks inflation and higher import costs for Bangladesh: CPD,Just News BD,supply chain disruption; input cost changes; trade diversion,importers; exporters; trade policy analysts
2026-03-10_food_price_pressure_444bbb24,2026-03-10,Food Price Pressure,Food Prices,price_signal,tightening,high,staple_price_acceleration,immediate–3 months,"Rising staple prices compress real incomes of the poor, raise wage demands, and feed into broader inflation expectations.",Bangladesh inflation touches 10-month high in Feb as food prices surge,IANS LIVE,real income erosion for the poor; wage pressure; headline inflation rise,consumer sector; food importers; social protection agencies
2026-03-10_geopolitical_risk_3460dec2,2026-03-10,Geopolitical Risk,Geopolitical Risk,external_shock,tightening,medium,geopolitical_tension_change,1–6 months,"Regional conflicts, trade sanctions, or Gulf state policy shifts disrupt migrant labor markets, trade routes, and energy supply chains affecting Bangladesh.",India exports diesel to Bangladesh amid global energy turmoil,newskarnataka.com,remittance channel disruption; trade route uncertainty; energy price volatility,exporters; remittance-dependent sectors; energy importers
2026-03-10_geopolitical_risk_48df6c29,2026-03-10,Geopolitical Risk,Geopolitical Risk,external_shock,tightening,medium,geopolitical_tension_change,1–6 months,"Regional conflicts, trade sanctions, or Gulf state policy shifts disrupt migrant labor markets, trade routes, and energy supply chains affecting Bangladesh.","India to supply 5,000 tonnes of diesel to Bangladesh today: ANI News",The Business Standard,remittance channel disruption; trade route uncertainty; energy price volatility,exporters; remittance-dependent sectors; energy importers
2026-03-10_geopolitical_risk_a5eb18f9,2026-03-10,Geopolitical Risk,Geopolitical Risk,external_shock,tightening,medium,geopolitical_tension_change,1–6 months,"Regional conflicts, trade sanctions, or Gulf state policy shifts disrupt migrant labor markets, trade routes, and energy supply chains affecting Bangladesh.",Bangladesh Seeks Chinese and Indian Support as Fears Grow over Energy Supplies - Pressenza,Pressenza - International Press Agency,remittance channel disruption; trade route uncertainty; energy price volatility,exporters; remittance-dependent sectors; energy importers
2026-03-10_energy_supply_constraint_1c5d5948,2026-03-10,Energy Supply Constraint,Energy,production_constraint,tightening,high,load_shedding_intensity,immediate,"Energy shortages restrict industrial operating hours, raise unit costs, and force firms to rely on expensive captive generation.","India sends 5,000 tonnes of diesel to Bangladesh amid energy crisis and global oil market volatility",WION,output loss; production cost increase; cost push inflation,industrial producers; manufacturers; energy traders
2026-03-10_geopolitical_risk_69ad5aad,2026-03-10,Geopolitical Risk,Geopolitical Risk,external_shock,tightening,medium,geopolitical_tension_change,1–6 months,"Regional conflicts, trade sanctions, or Gulf state policy shifts disrupt migrant labor markets, trade routes, and energy supply chains affecting Bangladesh.","What's happening in India, Pakistan, Bangladesh, China as Iran-US war disrupts oil supply | World News",Hindustan Times,remittance channel disruption; trade route uncertainty; energy price volatility,exporters; remittance-dependent sectors; energy importers
2026-03-10_geopolitical_risk_ab354bc4,2026-03-10,Geopolitical Risk,Geopolitical Risk,external_shock,tightening,medium,geopolitical_tension_change,1–6 months,"Regional conflicts, trade sanctions, or Gulf state policy shifts disrupt migrant labor markets, trade routes, and energy supply chains affecting Bangladesh.","Iran war: 5,000 tons of diesel en route to Bangladesh from India amid energy constraints",Business Today,remittance channel disruption; trade route uncertainty; energy price volatility,exporters; remittance-dependent sectors; energy importers
2026-03-10_geopolitical_risk_378e2c40,2026-03-10,Geopolitical Risk,Geopolitical Risk,external_shock,tightening,medium,geopolitical_tension_change,1–6 months,"Regional conflicts, trade sanctions, or Gulf state policy shifts disrupt migrant labor markets, trade routes, and energy supply chains affecting Bangladesh.","India to supply 5,000 tonnes of diesel to Bangladesh despite West Asia supply concerns",ET EnergyWorld,remittance channel disruption; trade route uncertainty; energy price volatility,exporters; remittance-dependent sectors; energy importers
2026-03-10_energy_supply_constraint_473d20ce,2026-03-10,Energy Supply Constraint,Energy,production_constraint,tightening,high,load_shedding_intensity,immediate,"Energy shortages restrict industrial operating hours, raise unit costs, and force firms to rely on expensive captive generation.","India Supplies 5,000 Tonnes Of Diesel To Bangladesh Via Pipeline As Energy Crisis Deepens",English Bombay Samachar,output loss; production cost increase; cost push inflation,industrial producers; manufacturers; energy traders
2026-03-10_geopolitical_risk_b7c3c0fb,2026-03-10,Geopolitical Risk,Geopolitical Risk,external_shock,tightening,medium,geopolitical_tension_change,1–6 months,"Regional conflicts, trade sanctions, or Gulf state policy shifts disrupt migrant labor markets, trade routes, and energy supply chains affecting Bangladesh.","India pumps 5,000 tonne of diesel into Bangladesh amid Iran war strain",India Today,remittance channel disruption; trade route uncertainty; energy price volatility,exporters; remittance-dependent sectors; energy importers
2026-03-10_geopolitical_risk_ddbce35c,2026-03-10,Geopolitical Risk,Geopolitical Risk,external_shock,tightening,medium,geopolitical_tension_change,1–6 months,"Regional conflicts, trade sanctions, or Gulf state policy shifts disrupt migrant labor markets, trade routes, and energy supply chains affecting Bangladesh.","India sends 5,000 tonnes of diesel to Bangladesh via pipeline",PGurus,remittance channel disruption; trade route uncertainty; energy price volatility,exporters; remittance-dependent sectors; energy importers
2026-03-10_geopolitical_risk_0f44370f,2026-03-10,Geopolitical Risk,Geopolitical Risk,external_shock,tightening,medium,geopolitical_tension_change,1–6 months,"Regional conflicts, trade sanctions, or Gulf state policy shifts disrupt migrant labor markets, trade routes, and energy supply chains affecting Bangladesh.","Bangladesh’s Tarique Rahman Government Seeks Extra 50,000 Tonnes Of Diesel From India | Exclusive",News18,remittance channel disruption; trade route uncertainty; energy price volatility,exporters; remittance-dependent sectors; energy importers
2026-03-10_geopolitical_risk_0c4abe5c,2026-03-10,Geopolitical Risk,Geopolitical Risk,external_shock,tightening,medium,geopolitical_tension_change,1–6 months,"Regional conflicts, trade sanctions, or Gulf state policy shifts disrupt migrant labor markets, trade routes, and energy supply chains affecting Bangladesh.","India to give Bangladesh 5,000 ton diesel amid fuel concerns",NewsBytes,remittance channel disruption; trade route uncertainty; energy price volatility,exporters; remittance-dependent sectors; energy importers
2026-03-10_geopolitical_risk_6be058c0,2026-03-10,Geopolitical Risk,Geopolitical Risk,external_shock,tightening,medium,geopolitical_tension_change,1–6 months,"Regional conflicts, trade sanctions, or Gulf state policy shifts disrupt migrant labor markets, trade routes, and energy supply chains affecting Bangladesh.",India to supply 5000 tonnes of diesel to Bangladesh amid fuel concerns,ANI News,remittance channel disruption; trade route uncertainty; energy price volatility,exporters; remittance-dependent sectors; energy importers
2026-03-10_external_liquidity_stress_b85df70e,2026-03-10,External Liquidity Stress,Foreign Exchange,balance_of_payments,tightening,medium,fx_reserves_pressure,1–3 months,"Foreign exchange shortages constrain import financing, widen the informal premium, and force rationing of dollar-denominated obligations.",Banks raise LC settlement dollar rates for businesses,The Business Standard — Economy,import compression; industrial input shortage; informal FX premium widening,trade finance banks; importers; currency desks
2026-03-10_remittance_flow_disruption_4e3807a6,2026-03-10,Remittance Flow Disruption,Remittances,balance_of_payments,tightening,medium,remittance_growth_change,1–3 months,"Remittance slowdown reduces rural household income, weakens consumption demand, and tightens FX supply.",50.1pc growth of remittance inflow till March 9 - Bangladesh Sangbad Sangstha (BSS),Bangladesh Sangbad Sangstha (BSS),rural consumption slowdown; FX supply reduction; hundi channel widening,rural economy analysts; consumer sector; central bank
2026-03-10_geopolitical_risk_d0394acc,2026-03-10,Geopolitical Risk,Geopolitical Risk,external_shock,tightening,medium,geopolitical_tension_change,1–6 months,"Regional conflicts, trade sanctions, or Gulf state policy shifts disrupt migrant labor markets, trade routes, and energy supply chains affecting Bangladesh.",India supplying diesel to Bangladesh under trade agreement,The Times of India,remittance channel disruption; trade route uncertainty; energy price volatility,exporters; remittance-dependent sectors; energy importers
2026-03-10_trade_policy_disruption_55a7eb77,2026-03-10,Trade Policy Disruption,Trade Policy,policy_shock,tightening,medium,trade_regime_change,1–6 months,"Import bans, tariff changes, or trade partner restrictions alter relative prices and disrupt established supply chains.","Bangladesh to import 5,000 tonnes of diesel from India amid fears of depleting stocks due to Iran war",Daily Excelsior,supply chain disruption; input cost changes; trade diversion,importers; exporters; trade policy analysts
2026-03-10_geopolitical_risk_64ba1edc,2026-03-10,Geopolitical Risk,Geopolitical Risk,external_shock,tightening,high,geopolitical_tension_change,1–6 months,"Regional conflicts, trade sanctions, or Gulf state policy shifts disrupt migrant labor markets, trade routes, and energy supply chains affecting Bangladesh.","Diesel supply to Bangladesh part of trade, says India amid fuel shortage concerns",The Economic Times,remittance channel disruption; trade route uncertainty; energy price volatility,exporters; remittance-dependent sectors; energy importers
2026-03-10_geopolitical_risk_de23a8c1,2026-03-10,Geopolitical Risk,Geopolitical Risk,external_shock,tightening,medium,geopolitical_tension_change,1–6 months,"Regional conflicts, trade sanctions, or Gulf state policy shifts disrupt migrant labor markets, trade routes, and energy supply chains affecting Bangladesh.",Supply of diesel to Bangladesh through Friendship Pipeline part of regular energy trade; fuel availability closely monitored in India: Sources,ANI News,remittance channel disruption; trade route uncertainty; energy price volatility,exporters; remittance-dependent sectors; energy importers
2026-03-10_geopolitical_risk_42598bbb,2026-03-10,Geopolitical Risk,Geopolitical Risk,external_shock,tightening,medium,geopolitical_tension_change,1–6 months,"Regional conflicts, trade sanctions, or Gulf state policy shifts disrupt migrant labor markets, trade routes, and energy supply chains affecting Bangladesh.",Diesel supply from India to Bangladesh part of regular ongoing energy trade between two countries: Government sources | DD News On Air,News On AIR,remittance channel disruption; trade route uncertainty; energy price volatility,exporters; remittance-dependent sectors; energy importers
2026-03-10_geopolitical_risk_5950d41d,2026-03-10,Geopolitical Risk,Geopolitical Risk,external_shock,tightening,medium,geopolitical_tension_change,1–6 months,"Regional conflicts, trade sanctions, or Gulf state policy shifts disrupt migrant labor markets, trade routes, and energy supply chains affecting Bangladesh.","As energy scarcity hits Bangladesh, India sends diesel using ‘Friendship Pipeline’",The Hindu,remittance channel disruption; trade route uncertainty; energy price volatility,exporters; remittance-dependent sectors; energy importers
2026-03-10_geopolitical_risk_908b8ad4,2026-03-10,Geopolitical Risk,Geopolitical Risk,external_shock,tightening,medium,geopolitical_tension_change,1–6 months,"Regional conflicts, trade sanctions, or Gulf state policy shifts disrupt migrant labor markets, trade routes, and energy supply chains affecting Bangladesh.","Bangladesh to Receive 5,000 Tons of Diesel from India via Pipeline Amid Fuel Supply Concerns",Open Magazine,remittance channel disruption; trade route uncertainty; energy price volatility,exporters; remittance-dependent sectors; energy importers
2026-03-10_geopolitical_risk_74bcf4ec,2026-03-10,Geopolitical Risk,Geopolitical Risk,external_shock,tightening,medium,geopolitical_tension_change,1–6 months,"Regional conflicts, trade sanctions, or Gulf state policy shifts disrupt migrant labor markets, trade routes, and energy supply chains affecting Bangladesh.",India begins diesel supply to Bangladesh via cross-border pipeline,newskarnataka.com,remittance channel disruption; trade route uncertainty; energy price volatility,exporters; remittance-dependent sectors; energy importers
2026-03-10_geopolitical_risk_4cf288d8,2026-03-10,Geopolitical Risk,Geopolitical Risk,external_shock,tightening,medium,geopolitical_tension_change,1–6 months,"Regional conflicts, trade sanctions, or Gulf state policy shifts disrupt migrant labor markets, trade routes, and energy supply chains affecting Bangladesh.",Middle East tensions threaten Bangladesh’s energy-dependent sectors - daily-sun.com,daily-sun.com,remittance channel disruption; trade route uncertainty; energy price volatility,exporters; remittance-dependent sectors; energy importers
2026-03-10_geopolitical_risk_2c39806e,2026-03-10,Geopolitical Risk,Geopolitical Risk,external_shock,tightening,medium,geopolitical_tension_change,1–6 months,"Regional conflicts, trade sanctions, or Gulf state policy shifts disrupt migrant labor markets, trade routes, and energy supply chains affecting Bangladesh.","India sends 5,000 tonnes Diesel to Bangladesh after Iran war disrupts fuel shipments",The Indian Awaaz,remittance channel disruption; trade route uncertainty; energy price volatility,exporters; remittance-dependent sectors; energy importers
2026-03-10_geopolitical_risk_dcad5544,2026-03-10,Geopolitical Risk,Geopolitical Risk,external_shock,tightening,high,geopolitical_tension_change,1–6 months,"Regional conflicts, trade sanctions, or Gulf state policy shifts disrupt migrant labor markets, trade routes, and energy supply chains affecting Bangladesh.",Bangladesh-India Fuel Partnership: A Lifeline Amid Crisis,Devdiscourse,remittance channel disruption; trade route uncertainty; energy price volatility,exporters; remittance-dependent sectors; energy importers
2026-03-10_geopolitical_risk_77642acd,2026-03-10,Geopolitical Risk,Geopolitical Risk,external_shock,tightening,high,geopolitical_tension_change,1–6 months,"Regional conflicts, trade sanctions, or Gulf state policy shifts disrupt migrant labor markets, trade routes, and energy supply chains affecting Bangladesh.",India supplies diesel to Bangladesh amid shortages,Khmer Times,remittance channel disruption; trade route uncertainty; energy price volatility,exporters; remittance-dependent sectors; energy importers
2026-03-10_geopolitical_risk_31d05779,2026-03-10,Geopolitical Risk,Geopolitical Risk,external_shock,tightening,medium,geopolitical_tension_change,1–6 months,"Regional conflicts, trade sanctions, or Gulf state policy shifts disrupt migrant labor markets, trade routes, and energy supply chains affecting Bangladesh.","Amid Iran war, India to send 5,000 tonnes of diesel to Bangladesh today: Official",Firstpost,remittance channel disruption; trade route uncertainty; energy price volatility,exporters; remittance-dependent sectors; energy importers
2026-03-10_geopolitical_risk_8a59ed7a,2026-03-10,Geopolitical Risk,Geopolitical Risk,external_shock,tightening,medium,geopolitical_tension_change,1–6 months,"Regional conflicts, trade sanctions, or Gulf state policy shifts disrupt migrant labor markets, trade routes, and energy supply chains affecting Bangladesh.","India to supply 5,000 tonnes of diesel to Bangladesh amid fuel concerns",PGurus,remittance channel disruption; trade route uncertainty; energy price volatility,exporters; remittance-dependent sectors; energy importers
2026-03-10_geopolitical_risk_ad9501cb,2026-03-10,Geopolitical Risk,Geopolitical Risk,external_shock,tightening,high,geopolitical_tension_change,1–6 months,"Regional conflicts, trade sanctions, or Gulf state policy shifts disrupt migrant labor markets, trade routes, and energy supply chains affecting Bangladesh.","Bangladesh scrambles for fuel amid Hormuz crisis, India sends 5,000 tonnes of diesel",Moneycontrol.com,remittance channel disruption; trade route uncertainty; energy price volatility,exporters; remittance-dependent sectors; energy importers
2026-03-10_geopolitical_risk_bf5e8d33,2026-03-10,Geopolitical Risk,Geopolitical Risk,external_shock,tightening,medium,geopolitical_tension_change,1–6 months,"Regional conflicts, trade sanctions, or Gulf state policy shifts disrupt migrant labor markets, trade routes, and energy supply chains affecting Bangladesh.","Bangladesh Shuts Universities Early, Imposes Energy-Saving Measures as Middle East Conflict Disrupts Fuel Supplies",Kashmir Life,remittance channel disruption; trade route uncertainty; energy price volatility,exporters; remittance-dependent sectors; energy importers
2026-03-10_geopolitical_risk_ed9c594e,2026-03-10,Geopolitical Risk,Geopolitical Risk,external_shock,tightening,high,geopolitical_tension_change,1–6 months,"Regional conflicts, trade sanctions, or Gulf state policy shifts disrupt migrant labor markets, trade routes, and energy supply chains affecting Bangladesh.","Bangladesh receives diesel from India, China after fuel supply crisis",Telegraph India,remittance channel disruption; trade route uncertainty; energy price volatility,exporters; remittance-dependent sectors; energy importers
2026-03-09_monetary_policy_shift_48cf22a3,2026-03-09,Monetary Policy Shift,Monetary Policy,financial_conditions,tightening,medium,policy_rate_change,1–6 months,"Central bank tightening raises borrowing costs, slows credit expansion, and signals concern about inflation or external balance.",Islami Bank approves US-based B100 Holdings as strategic investor in mCash,The Business Standard — Economy,higher borrowing costs; bond yield rise; investment dampening,banks; bond market; corporate treasurers
2026-03-09_geopolitical_risk_9f726acc,2026-03-09,Geopolitical Risk,Geopolitical Risk,external_shock,tightening,low,geopolitical_tension_change,1–6 months,"Regional conflicts, trade sanctions, or Gulf state policy shifts disrupt migrant labor markets, trade routes, and energy supply chains affecting Bangladesh.","Middle East conflict may hit remittance if prolonged, says bank owners' forum",The Daily Star,remittance channel disruption; trade route uncertainty; energy price volatility,exporters; remittance-dependent sectors; energy importers
2026-03-09_energy_supply_constraint_66cd6ae5,2026-03-09,Energy Supply Constraint,Energy,production_constraint,tightening,high,load_shedding_intensity,immediate,"Energy shortages restrict industrial operating hours, raise unit costs, and force firms to rely on expensive captive generation.",Bangladesh shuts universities early to save power amid energy crisis,Reuters,output loss; production cost increase; cost push inflation,industrial producers; manufacturers; energy traders
2026-03-09_energy_supply_constraint_2bf37b8d,2026-03-09,Energy Supply Constraint,Energy,production_constraint,tightening,high,load_shedding_intensity,immediate,"Energy shortages restrict industrial operating hours, raise unit costs, and force firms to rely on expensive captive generation.",Bangladesh shuts all universities to save energy amid fuel crisis,TRT World,output loss; production cost increase; cost push inflation,industrial producers; manufacturers; energy traders
2026-03-09_energy_supply_constraint_f0596b96,2026-03-09,Energy Supply Constraint,Energy,production_constraint,tightening,high,load_shedding_intensity,immediate,"Energy shortages restrict industrial operating hours, raise unit costs, and force firms to rely on expensive captive generation.","Bangladesh Power Crisis: Why the Shortage is Happening, How the Iran-Israel War Is Linked, Where the Country Imports Power From & All You Need to Know",The Sunday Guardian,output loss; production cost increase; cost push inflation,industrial producers; manufacturers; energy traders
2026-03-09_energy_supply_constraint_3dc9891b,2026-03-09,Energy Supply Constraint,Energy,production_constraint,tightening,high,load_shedding_intensity,immediate,"Energy shortages restrict industrial operating hours, raise unit costs, and force firms to rely on expensive captive generation.",Bangladesh Closes All Universities Early Due to Severe Energy Crisis,Fine Day 102.3,output loss; production cost increase; cost push inflation,industrial producers; manufacturers; energy traders
2026-03-09_geopolitical_risk_4ea7904c,2026-03-09,Geopolitical Risk,Geopolitical Risk,external_shock,tightening,medium,geopolitical_tension_change,1–6 months,"Regional conflicts, trade sanctions, or Gulf state policy shifts disrupt migrant labor markets, trade routes, and energy supply chains affecting Bangladesh.",Bangladesh shuts universities as Middle East conflict strains energy,Middle East Eye,remittance channel disruption; trade route uncertainty; energy price volatility,exporters; remittance-dependent sectors; energy importers
2026-03-09_energy_supply_constraint_0568d4b1,2026-03-09,Energy Supply Constraint,Energy,production_constraint,tightening,high,load_shedding_intensity,immediate,"Energy shortages restrict industrial operating hours, raise unit costs, and force firms to rely on expensive captive generation.",Bangladesh shuts universities to conserve power as Iran war triggers energy crisis,India Today,output loss; production cost increase; cost push inflation,industrial producers; manufacturers; energy traders
2026-03-09_trade_policy_disruption_789a9f0a,2026-03-09,Trade Policy Disruption,Trade Policy,policy_shock,tightening,high,trade_regime_change,1–6 months,"Import bans, tariff changes, or trade partner restrictions alter relative prices and disrupt established supply chains.",Crisis managed: Bangladesh secures enough diesel imports for March supply,The Business Standard,supply chain disruption; input cost changes; trade diversion,importers; exporters; trade policy analysts
2026-03-09_energy_supply_constraint_273d035c,2026-03-09,Energy Supply Constraint,Energy,production_constraint,tightening,high,load_shedding_intensity,immediate,"Energy shortages restrict industrial operating hours, raise unit costs, and force firms to rely on expensive captive generation.",Bangladesh Orders Early Eid Holidays For Universities Amid Energy Crisis,NDTV Profit,output loss; production cost increase; cost push inflation,industrial producers; manufacturers; energy traders
2026-03-09_energy_supply_constraint_80d10418,2026-03-09,Energy Supply Constraint,Energy,production_constraint,tightening,high,load_shedding_intensity,immediate,"Energy shortages restrict industrial operating hours, raise unit costs, and force firms to rely on expensive captive generation.",Bangladesh orders early university closures amid Middle East-linked energy crisis,NewsBytes,output loss; production cost increase; cost push inflation,industrial producers; manufacturers; energy traders
2026-03-09_energy_supply_constraint_ffc090d0,2026-03-09,Energy Supply Constraint,Energy,production_constraint,tightening,high,load_shedding_intensity,immediate,"Energy shortages restrict industrial operating hours, raise unit costs, and force firms to rely on expensive captive generation.","West Asia war triggers energy crisis: Bangladesh shuts universities, Pakistan considers COVID-19-like curbs",Business Today,output loss; production cost increase; cost push inflation,industrial producers; manufacturers; energy traders
2026-03-09_energy_supply_constraint_c9e448f2,2026-03-09,Energy Supply Constraint,Energy,production_constraint,tightening,high,load_shedding_intensity,immediate,"Energy shortages restrict industrial operating hours, raise unit costs, and force firms to rely on expensive captive generation.",Iran war: West Asia energy crisis forces Bangladesh to shut down varsities to save power,The Statesman,output loss; production cost increase; cost push inflation,industrial producers; manufacturers; energy traders
2026-03-09_energy_supply_constraint_68d5ddad,2026-03-09,Energy Supply Constraint,Energy,production_constraint,tightening,high,load_shedding_intensity,immediate,"Energy shortages restrict industrial operating hours, raise unit costs, and force firms to rely on expensive captive generation.","Bangladesh universities shut to conserve energy, fuel amid global crisis",IANS LIVE,output loss; production cost increase; cost push inflation,industrial producers; manufacturers; energy traders
2026-03-09_energy_supply_constraint_a57a865b,2026-03-09,Energy Supply Constraint,Energy,production_constraint,tightening,high,load_shedding_intensity,immediate,"Energy shortages restrict industrial operating hours, raise unit costs, and force firms to rely on expensive captive generation.",Bangladesh orders early closure of universities to conserve electricity amid energy crisis,CNBC TV18,output loss; production cost increase; cost push inflation,industrial producers; manufacturers; energy traders
2026-03-09_geopolitical_risk_5347b0ef,2026-03-09,Geopolitical Risk,Geopolitical Risk,external_shock,tightening,high,geopolitical_tension_change,1–6 months,"Regional conflicts, trade sanctions, or Gulf state policy shifts disrupt migrant labor markets, trade routes, and energy supply chains affecting Bangladesh.","Bangladesh rations fuel, shuts universities as Middle East war deepens energy crisis",Profit by Pakistan Today,remittance channel disruption; trade route uncertainty; energy price volatility,exporters; remittance-dependent sectors; energy importers
2026-03-09_energy_supply_constraint_0d01c422,2026-03-09,Energy Supply Constraint,Energy,production_constraint,tightening,high,load_shedding_intensity,immediate,"Energy shortages restrict industrial operating hours, raise unit costs, and force firms to rely on expensive captive generation.",Bangladesh's Universities Face Early Eid Closure Amid Energy Crisis,Devdiscourse,output loss; production cost increase; cost push inflation,industrial producers; manufacturers; energy traders
2026-03-09_energy_supply_constraint_7dbb35aa,2026-03-09,Energy Supply Constraint,Energy,production_constraint,tightening,high,load_shedding_intensity,immediate,"Energy shortages restrict industrial operating hours, raise unit costs, and force firms to rely on expensive captive generation.",Bangladesh Orders Universities to Close Early Amid Worsening Energy Crisis,News On AIR,output loss; production cost increase; cost push inflation,industrial producers; manufacturers; energy traders
2026-03-09_energy_supply_constraint_817e8e0f,2026-03-09,Energy Supply Constraint,Energy,production_constraint,tightening,high,load_shedding_intensity,immediate,"Energy shortages restrict industrial operating hours, raise unit costs, and force firms to rely on expensive captive generation.",Bangladesh Universities Shut Early To Save Power As Iran War Sparks Energy Crisis,Goodreturns,output loss; production cost increase; cost push inflation,industrial producers; manufacturers; energy traders
2026-03-09_geopolitical_risk_e7ed632d,2026-03-09,Geopolitical Risk,Geopolitical Risk,external_shock,tightening,medium,geopolitical_tension_change,1–6 months,"Regional conflicts, trade sanctions, or Gulf state policy shifts disrupt migrant labor markets, trade routes, and energy supply chains affecting Bangladesh.",India’s Trade Deal With the EU Is Bad News for Bangladesh,World Politics Review,remittance channel disruption; trade route uncertainty; energy price volatility,exporters; remittance-dependent sectors; energy importers
2026-03-09_trade_policy_disruption_bf07dcd6,2026-03-09,Trade Policy Disruption,Trade Policy,policy_shock,tightening,high,trade_regime_change,1–6 months,"Import bans, tariff changes, or trade partner restrictions alter relative prices and disrupt established supply chains.","Bangladesh secures 2.80 lakh tonnes of diesel import, no shortage expected in March",The Business Standard,supply chain disruption; input cost changes; trade diversion,importers; exporters; trade policy analysts
2026-03-09_geopolitical_risk_9178b50f,2026-03-09,Geopolitical Risk,Geopolitical Risk,external_shock,tightening,high,geopolitical_tension_change,1–6 months,"Regional conflicts, trade sanctions, or Gulf state policy shifts disrupt migrant labor markets, trade routes, and energy supply chains affecting Bangladesh.","Bangladesh shuts universities, rations fuel as Middle East tensions triggers energy crisis",Arabian Business,remittance channel disruption; trade route uncertainty; energy price volatility,exporters; remittance-dependent sectors; energy importers
2026-03-09_fiscal_revenue_stress_6a9f95df,2026-03-09,Fiscal Revenue Stress,Fiscal,fiscal,tightening,medium,revenue_collection_shortfall,3–6 months,"Tax revenue shortfalls force expenditure compression or borrowing, crowding out development spending and raising domestic debt costs.","Austerity key as Bangladesh preparing next budget amid global economic challenges, says Khasru",The Business Standard,development spending cut; domestic borrowing increase; treasury yield pressure,bond market; development agencies; government contractors
2026-03-09_banking_sector_fragility_7a57028d,2026-03-09,Banking Sector Fragility,Banking,financial_conditions,tightening,medium,npl_ratio_change,3–12 months,"Rising non-performing loans, governance failures, or liquidity stress in banks constrain credit intermediation and erode depositor confidence.","Bangladesh Bank allows renewal of continuous loans before default, with 3-month window",The Business Standard,credit rationing; deposit flight risk; fiscal contingent liability,depositors; bank regulators; financial analysts
2026-03-09_energy_supply_constraint_5d875945,2026-03-09,Energy Supply Constraint,Energy,production_constraint,tightening,high,load_shedding_intensity,immediate,"Energy shortages restrict industrial operating hours, raise unit costs, and force firms to rely on expensive captive generation.",Bangladesh closes universities to conserve fuel during the energy crisis,Diya TV,output loss; production cost increase; cost push inflation,industrial producers; manufacturers; energy traders
2026-03-09_energy_supply_constraint_74fa9559,2026-03-09,Energy Supply Constraint,Energy,production_constraint,tightening,high,load_shedding_intensity,immediate,"Energy shortages restrict industrial operating hours, raise unit costs, and force firms to rely on expensive captive generation.","Bangladesh shuts universities, rations fuel amid worsening energy crisis linked to US-Israel war on Iran",Maktoob,output loss; production cost increase; cost push inflation,industrial producers; manufacturers; energy traders
2026-03-09_energy_supply_constraint_d66ad90f,2026-03-09,Energy Supply Constraint,Energy,production_constraint,tightening,high,load_shedding_intensity,immediate,"Energy shortages restrict industrial operating hours, raise unit costs, and force firms to rely on expensive captive generation.",Bangladesh Shuts Universities Early to Conserve Energy Amid Crisis,Daily Pioneer,output loss; production cost increase; cost push inflation,industrial producers; manufacturers; energy traders
2026-03-09_food_price_pressure_d63b31ff,2026-03-09,Food Price Pressure,Food Prices,price_signal,tightening,high,staple_price_acceleration,immediate–3 months,"Rising staple prices compress real incomes of the poor, raise wage demands, and feed into broader inflation expectations.",Forex reserves in focus as global oil price surges,The Daily Star,real income erosion for the poor; wage pressure; headline inflation rise,consumer sector; food importers; social protection agencies
2026-03-09_food_price_pressure_a1ae253f,2026-03-09,Food Price Pressure,Food Prices,price_signal,tightening,high,staple_price_acceleration,immediate–3 months,"Rising staple prices compress real incomes of the poor, raise wage demands, and feed into broader inflation expectations.",Bangladesh announces energy-saving measures amid global price surge,Dhaka Tribune,real income erosion for the poor; wage pressure; headline inflation rise,consumer sector; food importers; social protection agencies
2026-03-09_energy_supply_constraint_2951f8d6,2026-03-09,Energy Supply Constraint,Energy,production_constraint,tightening,high,load_shedding_intensity,immediate,"Energy shortages restrict industrial operating hours, raise unit costs, and force firms to rely on expensive captive generation.","Pakistan, Bangladesh Shut Schools Over Energy Crisis",The Whistler Newspaper,output loss; production cost increase; cost push inflation,industrial producers; manufacturers; energy traders
2026-03-09_energy_supply_constraint_b3b07f87,2026-03-09,Energy Supply Constraint,Energy,production_constraint,tightening,high,load_shedding_intensity,immediate,"Energy shortages restrict industrial operating hours, raise unit costs, and force firms to rely on expensive captive generation.",Bangladesh shuts universities to save power amid energy crisis,Times of Oman,output loss; production cost increase; cost push inflation,industrial producers; manufacturers; energy traders
2026-03-09_geopolitical_risk_3e858007,2026-03-09,Geopolitical Risk,Geopolitical Risk,external_shock,tightening,medium,geopolitical_tension_change,1–6 months,"Regional conflicts, trade sanctions, or Gulf state policy shifts disrupt migrant labor markets, trade routes, and energy supply chains affecting Bangladesh.","India, China show interest in providing fuel support to Bangladesh",The Business Standard,remittance channel disruption; trade route uncertainty; energy price volatility,exporters; remittance-dependent sectors; energy importers
2026-03-09_geopolitical_risk_618e0740,2026-03-09,Geopolitical Risk,Geopolitical Risk,external_shock,tightening,low,geopolitical_tension_change,1–6 months,"Regional conflicts, trade sanctions, or Gulf state policy shifts disrupt migrant labor markets, trade routes, and energy supply chains affecting Bangladesh.","Middle East conflict may trigger energy shock, export risks for Bangladesh: PRI Report",The Business Standard,remittance channel disruption; trade route uncertainty; energy price volatility,exporters; remittance-dependent sectors; energy importers
2026-03-09_geopolitical_risk_88137f6f,2026-03-09,Geopolitical Risk,Geopolitical Risk,external_shock,tightening,medium,geopolitical_tension_change,1–6 months,"Regional conflicts, trade sanctions, or Gulf state policy shifts disrupt migrant labor markets, trade routes, and energy supply chains affecting Bangladesh.",India reviewing positively Bangladesh request for additional diesel supply - The Financial Express | First Financial Daily of Bangladesh,The Financial Express | First Financial Daily of Bangladesh,remittance channel disruption; trade route uncertainty; energy price volatility,exporters; remittance-dependent sectors; energy importers
2026-03-09_energy_supply_constraint_5dac78ac,2026-03-09,Energy Supply Constraint,Energy,production_constraint,tightening,high,load_shedding_intensity,immediate,"Energy shortages restrict industrial operating hours, raise unit costs, and force firms to rely on expensive captive generation.",Bangladesh Shuts Colleges Early For Eid To Save Power Amid Iran War Energy Crisis,NDTV,output loss; production cost increase; cost push inflation,industrial producers; manufacturers; energy traders
2026-03-08_food_price_pressure_582fa16f,2026-03-08,Food Price Pressure,Food Prices,price_signal,tightening,medium,staple_price_acceleration,immediate–3 months,"Rising staple prices compress real incomes of the poor, raise wage demands, and feed into broader inflation expectations.",Why prices rise at Khatungaj despite ample stocks,The Business Standard — Economy,real income erosion for the poor; wage pressure; headline inflation rise,consumer sector; food importers; social protection agencies
2026-03-08_external_liquidity_stress_d3924852,2026-03-08,External Liquidity Stress,Foreign Exchange,balance_of_payments,tightening,medium,fx_reserves_pressure,1–3 months,"Foreign exchange shortages constrain import financing, widen the informal premium, and force rationing of dollar-denominated obligations.",Forex reserves fall to $29.38b after ACU payment,The Business Standard — Economy,import compression; industrial input shortage; informal FX premium widening,trade finance banks; importers; currency desks
2026-03-08_geopolitical_risk_618e0740,2026-03-08,Geopolitical Risk,Geopolitical Risk,external_shock,tightening,low,geopolitical_tension_change,1–6 months,"Regional conflicts, trade sanctions, or Gulf state policy shifts disrupt migrant labor markets, trade routes, and energy supply chains affecting Bangladesh.","Middle East conflict may trigger energy shock, export risks for Bangladesh: PRI Report",The Business Standard — Economy,remittance channel disruption; trade route uncertainty; energy price volatility,exporters; remittance-dependent sectors; energy importers
2026-03-08_geopolitical_risk_5c020818,2026-03-08,Geopolitical Risk,Geopolitical Risk,external_shock,tightening,medium,geopolitical_tension_change,1–6 months,"Regional conflicts, trade sanctions, or Gulf state policy shifts disrupt migrant labor markets, trade routes, and energy supply chains affecting Bangladesh.",Expatriates' minister fears remittance drop due to Middle East war,The Business Standard — Economy,remittance channel disruption; trade route uncertainty; energy price volatility,exporters; remittance-dependent sectors; energy importers
2026-03-08_external_liquidity_stress_13f5fd2a,2026-03-08,External Liquidity Stress,Foreign Exchange,balance_of_payments,tightening,medium,fx_reserves_pressure,1–3 months,"Foreign exchange shortages constrain import financing, widen the informal premium, and force rationing of dollar-denominated obligations.",Forex reserves stand at US$34.10b - Bangladesh Sangbad Sangstha (BSS),Bangladesh Sangbad Sangstha (BSS),import compression; industrial input shortage; informal FX premium widening,trade finance banks; importers; currency desks
2026-03-08_remittance_flow_disruption_2f5c3594,2026-03-08,Remittance Flow Disruption,Remittances,balance_of_payments,tightening,medium,remittance_growth_change,1–3 months,"Remittance slowdown reduces rural household income, weakens consumption demand, and tightens FX supply.",37.9pc growth of remittance inflow till March 7 - Bangladesh Sangbad Sangstha (BSS),Bangladesh Sangbad Sangstha (BSS),rural consumption slowdown; FX supply reduction; hundi channel widening,rural economy analysts; consumer sector; central bank
2026-03-08_food_price_pressure_ec1eab45,2026-03-08,Food Price Pressure,Food Prices,price_signal,tightening,high,staple_price_acceleration,immediate–3 months,"Rising staple prices compress real incomes of the poor, raise wage demands, and feed into broader inflation expectations.",Bangladesh inflation surges past 9% on rising food prices,Daily Bonik Barta,real income erosion for the poor; wage pressure; headline inflation rise,consumer sector; food importers; social protection agencies
2026-03-08_remittance_flow_disruption_9e975878,2026-03-08,Remittance Flow Disruption,Remittances,balance_of_payments,tightening,low,remittance_growth_change,1–3 months,"Remittance slowdown reduces rural household income, weakens consumption demand, and tightens FX supply.",Iran war may affect remittance inflow: Minister - daily-sun.com,daily-sun.com,rural consumption slowdown; FX supply reduction; hundi channel widening,rural economy analysts; consumer sector; central bank
2026-03-08_food_price_pressure_52e26472,2026-03-08,Food Price Pressure,Food Prices,price_signal,tightening,medium,staple_price_acceleration,immediate–3 months,"Rising staple prices compress real incomes of the poor, raise wage demands, and feed into broader inflation expectations.",Food prices drive inflation rate above 9.0pc after eight months - The Financial Express | First Financial Daily of Bangladesh,The Financial Express | First Financial Daily of Bangladesh,real income erosion for the poor; wage pressure; headline inflation rise,consumer sector; food importers; social protection agencies
2026-03-08_banking_sector_fragility_1f8e3046,2026-03-08,Banking Sector Fragility,Banking,financial_conditions,tightening,medium,npl_ratio_change,3–12 months,"Rising non-performing loans, governance failures, or liquidity stress in banks constrain credit intermediation and erode depositor confidence.",Banks to make provisions for potential bad loans from 2028,The Daily Star,credit rationing; deposit flight risk; fiscal contingent liability,depositors; bank regulators; financial analysts
2026-03-08_energy_supply_constraint_2eb0b730,2026-03-08,Energy Supply Constraint,Energy,production_constraint,tightening,high,load_shedding_intensity,immediate,"Energy shortages restrict industrial operating hours, raise unit costs, and force firms to rely on expensive captive generation.",Crisis exposes fragile energy security,The Daily Star,output loss; production cost increase; cost push inflation,industrial producers; manufacturers; energy traders
2026-03-08_trade_policy_disruption_9cdcc1ff,2026-03-08,Trade Policy Disruption,Trade Policy,policy_shock,tightening,medium,trade_regime_change,1–6 months,"Import bans, tariff changes, or trade partner restrictions alter relative prices and disrupt established supply chains.",95 percent of oil and gas imported: Bangladesh rations fuel as Mideast war deepens energy crunch,RTL Today,supply chain disruption; input cost changes; trade diversion,importers; exporters; trade policy analysts
2026-03-08_energy_supply_constraint_30dabf01,2026-03-08,Energy Supply Constraint,Energy,production_constraint,tightening,high,load_shedding_intensity,immediate,"Energy shortages restrict industrial operating hours, raise unit costs, and force firms to rely on expensive captive generation.",10 oil and gas ships arriving at Chittagong Port amid Middle East crisis,Prothom Alo English,output loss; production cost increase; cost push inflation,industrial producers; manufacturers; energy traders
2026-03-08_geopolitical_risk_b89540f3,2026-03-08,Geopolitical Risk,Geopolitical Risk,external_shock,tightening,high,geopolitical_tension_change,1–6 months,"Regional conflicts, trade sanctions, or Gulf state policy shifts disrupt migrant labor markets, trade routes, and energy supply chains affecting Bangladesh.","Distant war, a regional shockwave: How Middle East crisis is making life difficult in Bangladesh and Paki",The Times of India,remittance channel disruption; trade route uncertainty; energy price volatility,exporters; remittance-dependent sectors; energy importers
2026-03-08_energy_supply_constraint_7ee104b3,2026-03-08,Energy Supply Constraint,Energy,production_constraint,tightening,high,load_shedding_intensity,immediate,"Energy shortages restrict industrial operating hours, raise unit costs, and force firms to rely on expensive captive generation.",BERC Revises Jet A-1 Aviation Fuel Prices Amidst Global Energy Crisis,Devdiscourse,output loss; production cost increase; cost push inflation,industrial producers; manufacturers; energy traders
2026-03-07_geopolitical_risk_0da6cf4a,2026-03-07,Geopolitical Risk,Geopolitical Risk,external_shock,tightening,medium,geopolitical_tension_change,1–6 months,"Regional conflicts, trade sanctions, or Gulf state policy shifts disrupt migrant labor markets, trade routes, and energy supply chains affecting Bangladesh.",Middle East conflict and risks to Bangladesh economy,The Daily Star,remittance channel disruption; trade route uncertainty; energy price volatility,exporters; remittance-dependent sectors; energy importers
2026-03-07_monetary_policy_shift_0405ccc6,2026-03-07,Monetary Policy Shift,Monetary Policy,financial_conditions,tightening,medium,policy_rate_change,1–6 months,"Central bank tightening raises borrowing costs, slows credit expansion, and signals concern about inflation or external balance.","Economists advise cenbank to safeguard reserves, hold policy rate amid global uncertainty",The Business Standard,higher borrowing costs; bond yield rise; investment dampening,banks; bond market; corporate treasurers
2026-03-07_trade_policy_disruption_bf07dcd6,2026-03-07,Trade Policy Disruption,Trade Policy,policy_shock,tightening,high,trade_regime_change,1–6 months,"Import bans, tariff changes, or trade partner restrictions alter relative prices and disrupt established supply chains.","Bangladesh secures 2.80 lakh tonnes of diesel import, no shortage expected in March",The Business Standard,supply chain disruption; input cost changes; trade diversion,importers; exporters; trade policy analysts
2026-03-07_banking_sector_fragility_7a57028d,2026-03-07,Banking Sector Fragility,Banking,financial_conditions,tightening,medium,npl_ratio_change,3–12 months,"Rising non-performing loans, governance failures, or liquidity stress in banks constrain credit intermediation and erode depositor confidence.","Bangladesh Bank allows renewal of continuous loans before default, with 3-month window",The Business Standard,credit rationing; deposit flight risk; fiscal contingent liability,depositors; bank regulators; financial analysts
2026-03-07_energy_supply_constraint_e9ba401c,2026-03-07,Energy Supply Constraint,Energy,production_constraint,tightening,high,load_shedding_intensity,immediate,"Energy shortages restrict industrial operating hours, raise unit costs, and force firms to rely on expensive captive generation.","Energy crisis averted for now as more oil, gas on the way",The Business Standard,output loss; production cost increase; cost push inflation,industrial producers; manufacturers; energy traders
2026-03-07_geopolitical_risk_5a5451b7,2026-03-07,Geopolitical Risk,Geopolitical Risk,external_shock,tightening,medium,geopolitical_tension_change,1–6 months,"Regional conflicts, trade sanctions, or Gulf state policy shifts disrupt migrant labor markets, trade routes, and energy supply chains affecting Bangladesh.",Bangladesh rations fuel as Mideast war deepens energy crunch| Gulf Times,Gulf Times,remittance channel disruption; trade route uncertainty; energy price volatility,exporters; remittance-dependent sectors; energy importers
2026-03-07_geopolitical_risk_d52d0c12,2026-03-07,Geopolitical Risk,Geopolitical Risk,external_shock,tightening,medium,geopolitical_tension_change,1–6 months,"Regional conflicts, trade sanctions, or Gulf state policy shifts disrupt migrant labor markets, trade routes, and energy supply chains affecting Bangladesh.",Middle East war adds fertiliser worries to Bangladesh’s energy woes,Daily Bonik Barta,remittance channel disruption; trade route uncertainty; energy price volatility,exporters; remittance-dependent sectors; energy importers
2026-03-07_export_demand_shock_53884fb0,2026-03-07,Export Demand Contraction,Exports,balance_of_payments,tightening,medium,export_orders_decline,1–3 months,"Weak external demand reduces factory utilization, compresses labor income, and lowers FX earnings.",Bangladesh Bank extends loan rescheduling deadline for raw jute exporters,MSN,lower manufacturing output; urban income slowdown; FX earnings pressure,exporters; garment sector; currency desks
2026-03-06_geopolitical_risk_68572f76,2026-03-06,Geopolitical Risk,Geopolitical Risk,external_shock,tightening,medium,geopolitical_tension_change,1–6 months,"Regional conflicts, trade sanctions, or Gulf state policy shifts disrupt migrant labor markets, trade routes, and energy supply chains affecting Bangladesh.",Middle East tensions raise economic concerns for Bangladesh,The Indian Awaaz,remittance channel disruption; trade route uncertainty; energy price volatility,exporters; remittance-dependent sectors; energy importers
2026-03-06_geopolitical_risk_c2bdff83,2026-03-06,Geopolitical Risk,Geopolitical Risk,external_shock,tightening,high,geopolitical_tension_change,1–6 months,"Regional conflicts, trade sanctions, or Gulf state policy shifts disrupt migrant labor markets, trade routes, and energy supply chains affecting Bangladesh.","Bangladesh Economy in Crisis, Seeks India Ties for Revival",Whalesbook,remittance channel disruption; trade route uncertainty; energy price volatility,exporters; remittance-dependent sectors; energy importers
2026-03-06_geopolitical_risk_9df49fcb,2026-03-06,Geopolitical Risk,Geopolitical Risk,external_shock,tightening,medium,geopolitical_tension_change,1–6 months,"Regional conflicts, trade sanctions, or Gulf state policy shifts disrupt migrant labor markets, trade routes, and energy supply chains affecting Bangladesh.","It’s time to step up India, Bangladesh ties",BusinessLine,remittance channel disruption; trade route uncertainty; energy price volatility,exporters; remittance-dependent sectors; energy importers
2026-03-06_geopolitical_risk_255a8deb,2026-03-06,Geopolitical Risk,Geopolitical Risk,external_shock,tightening,high,geopolitical_tension_change,1–6 months,"Regional conflicts, trade sanctions, or Gulf state policy shifts disrupt migrant labor markets, trade routes, and energy supply chains affecting Bangladesh.",Govt plans fuel rationing to tackle energy shortages amid Middle East conflict,Daily Bonik Barta,remittance channel disruption; trade route uncertainty; energy price volatility,exporters; remittance-dependent sectors; energy importers
